Nombre,MD5,SHA-1,SHA-256,SHA-512
Carlos,8fe918632d847e8ea3ebffbd47bd8ca9,65184963b4f0c19f14cca0016b5b92ecc62d9df4,6369568f26e218856b8af13f45017c0c79ae212d31e4c9db41af71ce1f022a22,04f337cfc1a9ed43b1f2289a33b3735c7a7fc9cc6c3b678f43cc5763a6b2e366c35009b4097e2435bbb055173ecd97b35eace486ffbd751b0ce982db7c9d0b0c
María,833092f3dd4a0d3b6d1ca6fd639785e6,4046e7752a0ffa13a1a8b263c0775ab5b8e9e311,51c4ad29ac4067ff7007ad3ec4b5adff3fe23f8f0c23fb54d09c3b234ba45255,19f08f5bc7f2067e3cb166fdea110fc2588032e8bfcb358262c692f15c8644784c9fda1af7bc80685ec73c3e7abf2bd39044a362095dbe56281631eac9a2ad66
José,301509102ebca4759d86a5ade3960059,8f72d20b6370ad3d02b63bbee52bfa7b5d75aa15,24c2ab65b7adab7e070ba05a00a3f3ae074e28b8bcdd59735b7107e7a538a551,c4a483371860ca07f8258be3625e5159c7e69e713ab557e4ef8da7dd5a7878475c9ca3b18ff60c24e254d85bed2b5a23f54fe7dc90d3ad5a1983e281d37c4839
Ana,9aba45a7f1999a9c5fc96ef2a45810fb,c96634ae1100ab91de991e40bb2fe656bd765de1,dea210f058b407db5c1b5ea89b2e42a57221c003dba55e2f1776a75a3254d386,b7307042253c591387c8e322d4ac35b2f759968cf3b536fea51a9a85619d1b250b243dd70624df2ac0a21c3438ee32c6073bdfea8e1706bb3bfdc15ad3197615
Luis,c44688b5061756b3cca2b86c016a1535,54ba42922810ea81e18e18c1e1233676a8557443,1be075b9041a58b82be347b54e9f3d7f5d84dc57935bcc769106748a9eb237e8,7d5a2f9eeb5713c1b65702c3c8069f3df28de1696bc9ff620535d0ab93d778feb7711a025b6f1bc450a3f34ebdfd6790c240ded596e2d2dcfee8fb679914ef9f
Laura,37905b9b4fdb8fa311b30448254d51fe,6a3fb35b674b4c3a1978da2a495b411eba2fc3c0,f0b8649dbd8cc269a6a9f57166490602cb5e17344007e29c1591f6cdad29aa37,17c9b44d33590e30eb801244052f9a7440ebd61a6dc7d5bb914208b8669ed707d1629cda3f03b0a1b7e97c542bb64312e522be25a863037719b76cd91fdbe49f
Jorge,f4a1c8901a3d406f17af67144a3ec71a,b6826cb0adf932a9df178c6d5b457d70dd6fedc5,6411c2711069573d0fc030e80b91f72b40c95cd9fc8c247c177dbfaa63daf1cd,65b267f53fb97eeb6b7ff28cdf08b66457778555f62c00fdb205e693d27732f13d0ce1a4db36f7be2eb81b2404ee8d66d6939c9ff175fe11e7ccdf9ef40927d8
Lucía,3a52109cd3a0045dcb29cae8a486ae34,5cbf169287b4d00a943a347adbd02aee7f1d79bc,e8ca90528f1784b15b5e993b36d81eacd1edf9c34374a9420bab7e65720adc6c,d0c3c2e031bc08b21f52360735403032c2dff182ee839ac47f5d4fa3e419e47939102db26fedb6aba80814bc3d6166c5808d3cd95c1107816ddb74363619f298
Pedro,38e2b2e31c0fce9537f735dda9fdf10a,89b896402d8c3d208029b5b46597910af7e34a66,a432d817e884eb8bd3953177b68c747b64d8d6a705b79787445750bf80fe55b6,31250129f3290c691935100597b50ea202265d36610def06565f0958188b38582584855abd10dc49ded337bc0e2ff79c277b60fc5273017cd6afdca9838085f1
Clara,0afca49306b28c1650a1d4130a6a0ce1,95b9388b8c267a8f152e6fc94b3aae2d0205c830,8df830a849e93985f1f647c0b1089223273720b037af5ecbcf25563f99ea34e8,d6066905d8642167158a50cf079ef85a8280172716cf3a7349c19d3b759eb0027be3d7e67b9f426610b69a464a3581470e2c95a0bbb635332b8beb1cb4c2ebf8
Miguel,651faef175451b43088ed6fab4aab961,6765b59e50a487dbeee9f4bf2286302cce5c5d30,977af1277234b4aad73217ed362c2de7d4b48b518f47e807d860997972663a1f,d02f926fa8462f7d541802c85594fdf5ddd397e1ba48ee12e45b4b4b312412b1980e058fa091db422c1d6192f90380ffdd20ffd90170fad2c4f7c945ddee47ac
Sofía,015ddf3f7b0ab9f9623678046db14f64,fa93a35986aaf7325f983972b7727d19457979b5,f654d76bf180f99854a48e0a68b8d9b8beae88ea45b357d6dd673661492c4f1b,cdf3ca2255cf067be83d16daffb5a7c501396126072c7c1087aee635713927b6d52cb5d0ba1bdbbdca4f56f11af9aac94e082f91a91ab0fe0bfb9ec169f75dd7
David,464e07afc9e46359fb480839150595c5,d27937f914ebe99ee315f04449678eccfb658191,a6b54c20a7b96eeac1a911e6da3124a560fe6dc042ebf270e3676e7095b95652,0f4e49e88d2b8b8501a4ba7a2a320a1e496c2d4a1d1cba1c068822cf690a339349fdc3d3d8545f97236e3f07f9cf40eefd8f590ca3f8aea4919adef66361b506
Elena,e4392a67989b2de9b5f5e7e1c5913373,4d9936f16aad50c361705eb5f56741b655b27576,63704e5863b0e3771b881338cb7d0f5cd889a0f7d4acd08178b80664b198cd89,e3329248359bf79d5598e5b0b28457262e35d333bf854f8cbb7a14ba04db86826502068616c7a68a06e6e610a71ef765b9c1c81728af66859de9b4c603f7899d
Juan,92eaf3719159c372f3d50337e0a14f57,c5652d9cc6bcf28e0e20210eae5ef9e54ba35717,cb80be76d732c36bd5f71ecdd7b6964556730a19ceccd8b8c1869220bb4c7b7c,2f0fb5f650beebc026802c8f7baf80b6b6275243a73861b073f46751491afb88ed1ce04c3d98283a0e968c08ca7b80fb710d6ec0259311090a6f1c2d500ea0b8
Marta,83f9c4eb242966cdcada1d01be5d9b15,0f2a3effcfaef9472a18a41954b931ed3ff00484,c14d56be84c26be2d2022b1e55b9294dbd68f04ab6ddc41b2c615c4d94e764f1,034eadbbcdfbc0ec33e41a12cd5ccc251bddb1e81fdab54bd029f681721d2ac440068eb0ab16091931906ff5987d81715d69e63a344aa90cfe12cd7b44bf13ab
Antonio,885383f16fccd10370814fcd862aa10d,aa4a9f786afbc7c3ce73e9e9c77f4a477397adad,1f0ca711df81520887afe0dca099652a249e7eda60348be7327d432b02298652,c16940572e376831ba2487e56c7d3f8b9a53beb65d325ce8fd4df1e5fc19e2e494ac27e2eafb79625303b483e27b990891bf2c34e6416a911832386a23ddbb7c
Paula,4805c7a160cc2b4919b2ef0b5f64b44e,028796d99cd3be0d8ba33dd93f3de1bad14cfd69,d62ab489c56cc56115c1db613929315490e2a8d01e6b8532d2e23a51725884ae,4befc1029484972eec73052f078a045c7626755ee94777a1c2bf47cddeed3f77dc8dbf7fd5e61b7a5b076977f174693d7666a7bb31055b04e243848016fbc850
Andrés,2e1b4aa73e5d7eea0c1e1847db30aceb,1f5a3edccc0c5b9057e51162c229bb51d967d491,00787708c0e78a0458cfa60b7fd6bba90a7f935a1febb390c6093f47927b5c0b,11377667c3cbd9b1af1580f7a8cf72cb2d222983b194709a6a177df797f334ff9a64bcfcc93ea310b5fd7e082c911520bc927d8e07ad8aca7864389adc38c4fa
Sara,4733a44073c81970cccbca6e1ede188b,5d569dfc13001c8b30aa11eeb2a59d22071f3d80,53b1fb446230b347c3f6406cca4b1ddbac60905ba4ab1977179f44b8fb134447,bafe92a2642cb68faa020547103291a6eb17d6a5a482bf0cf70fa588a112d7b4927a895f7a2c9b5093cb127baa235a40bc294e9559a22e7ef712220c1a08e5ea
Alberto,098a50f333b9fc79b806dd51ed4ea859,3b3e55fdc7886baea165a854d080caf9808cac97,827f6e29bf4d232124b4be3fbc756586b477295664faff9a4b773491ceb9f07b,3a0b9fa7b2a9a284941d85c750c5cc3f3763242993dadcae54df216d32d03939e1a108487c276672db3a784dd8c48e85c99b5be6460c24a844f9102ac5b2d77a
Irene,79ae3e10d1ff66922e58d98656315b9e,0925a1735210f74ea3aa58963d0a9ab2f9bec149,d4bbc5043503b9aed309ede00854ee48937684b57a1cc030ee5f42986fbfed7c,4b61101a134bbc5f5087641932607dc28d84cee89ff2b9980936865042aa74ccfec394876574ab78a6b33f442e506ebb7013056e70e6b703a8295be4ec85b355
Manuel,65314e903461a614229ea5a2099d758e,6c1cc012dd61068d17de40cfeb32031645ba8ea8,33ed3c57cf4053b57161686804f97e6fc15efc2b864d6d8970529e2db42342de,4cafdd145146f8cdf64a17f585843c0962993fe3f133a84aa4517131830aed0b1f24dd54a1ee0c5c83fe80084342fb7586d056ea934af53d2b6811e79ccd91b7
Rosa,0856a4aa9c78d62f643a04c64bab47f2,2c0d557df1c97d2febfed7de875d344d6f4a1625,75f9577a1637cf7a30d4fc7c7839d5c71b626946b0f784ee92da0f1ae4e707df,a9f70e71b5a5aeb383ff8845207a3c6c5132a300b0e5e86deb028417349d98e058aa3e95fbb082aed6c0d5d382d748307d4096743fe94f56925e80fc72791e54
Francisco,e355ec3b68d0fffc37d181f2da9d2fa3,d298a8c18cb62ee602b80c6a0dac85f68d276bc1,594323b42fabdd62a8511dd920e48879b47c515934906a683c660be4e7f05957,9b42a03435ab070041f1f5df053233a1415d1abe2ad2923e73735ea8ee56909e345318713db2b89fd33bcb8825715a2b2f0bc8e028b42ede689d40733e666870
Isabel,945e8bb0491c591950dc663a4094c097,b2d7c02d3037ff00153dd560a65333c3b35e132c,4715ebb7004d00edad446b0c44332462e8218878f57d9f4e87e1d1111d10c762,ea0fa53178dccccdda002c5a53e706fb5dccf593410f797b11d2a189513334341555550382215e244bfcee51dacb9fd8c252e49c2a492b36db484470dfa9570d
Daniel,262031397020fd8df478ec13b4b096c5,7b37259e149636e3330d530cbf408f2b8c1eda6a,7297db81c2f7916e25b9593f8c8785e1aa1487fa9f3961c50b7cc5f1a541bc82,f5877e17fce9efcc2d5b49635131ae459a75d978134a03b973a41507f403bec51d87f31492ae9236481d06eeda62542943b289784bbcc59b3e55b5c9e835ae27
Carmen,7641b5b1c7276c07e11f9cb5b74ddfc9,b63cf60d9f1dc4b2aa937fdb26023f9bb5c3c5ce,6984772da8d911e2c09d42e72b3c5f32c18f3b660685dcdb6995c231be26e196,cf2cb0db303ac3b1530137dd3b240cb6022865edbe11427772d37f43eee4f9eda26c6f6dc64d390fee2b28deeeda2563020b2f8b4fe672163e19bda77a172902
Raúl,3ff65d248cc989caf757c3b78ddca356,2aaddc0ba9a98dc4e0c44d5e6f657c6045b1fac5,de9c80449aae3dfe055af64d4465460fe62aa71dfa92b60e1b2ee09a05774c27,e51111d5488fd454e5888782ae77751b0cbb06cd2e5b26e8e45d882c1a278cc2f5bcc65f23ee9d7431375153bdc8d77158807bcaad36da23f75d8328613d00a8
Teresa,649e314529ae99fee77bffd211851b7d,17903f9fe97f9178f77944c6e834152365e0a247,a27f2f3186b073db08c884b76a1a67ab08748cd4249f7a8a4688c71fef588b2e,0cd981ac78d60dcf3bc96d4fc5dba0354125e02b303e9f41f575760a7ae65a03f44c7cf6f20335900d698d7815cfeb593c2b66c813365b78f566dbe2e129ee3c
Adrián,77e824c1ec726a03b04d5dc4725e8769,8f735d54f1020e592a2db8e424e06f8c933d6051,e14f80e7573f726396225c3eef0ca59f38ac8cb8c70fe9da241d1e6a408e47bc,d5c08cc33f4b1db875d3dfbb37fedd77c227222577de3c0a6adf7273c46b035dc902f0a2cd9b07c87bbfd93e97a84b50017813d0690685c0a01417dac6bc8f74
Julia,2344521e389d6897ae7af9abf16e7ccc,e64d664b335757ab1b0ed70dc6883a5f412be34b,e89fe62ec86347c2b50f4a874bf6cc5e67b1cd579a9989a8bf7cb956045d40d7,d265ce8697cf6873f3e4302bc24683eb7dadc75a3f4208dc658a98b0a1253157dfa40a4736a648de6d813e9d9b99818575d9abb2b84457768f29363dd6864ae3
Hugo,1b3840b0b70d91c17e70014c8537dbba,d808bc58aa813503d413f8b5416f647af96114fb,d70b489bb97ec09dbafa72e461c8320d04e13ad160dd74c8e69a60ea62dc8ffd,b1e441a54866906727d842e6a064ba8fb9bf1a0cb15b999d9990bdc2a93d7f9b9c9bc9e179c3dbc1db6fb485ecdf050a3c13030dab2c0aec184dc462470797ff
Victoria,dfee9e39474b6e292d66c7facba668e1,df8cd538ba12f8695eca9cbeb2e38331c4c350c4,c7a11e9a55de2b146e3b2d75e9112ee6af4e5b439658e725e6afca92e93bf0bd,6a62c2fd27f94d9a7488022ec8adae8829dc16160fe1e6828f7e309adfa39609c9de7d968a548407344684243e632fc92dce356ee21eefed2e658baaa9b26f59
Pablo,63fb1088241b0acdd7987af0c1f4f7e6,ce7169ba6c7dea1ca07fdbff5bd508d4bb3e5832,c6fcb8c1b253b876428aed7fda470f9dc19fe36a5c1b5664c3819d39d156b4f0,b63c49a53307b1c6cf812f3250f62713119f5fd26bfcdf9d065fd2cb3f750547e81c6c80464e45591879e42725456913105c884bea55b88892f8b6dbcd1c4c69
Alicia,55195b6de48e7e8dcd54f70cad56d8d3,76f9a187fef85f1ecffb707fdb0d4fb9813caa5f,2a4f079d2c3bd979ae519dc09fdbe9b7ef3b913996a0b5d970ab35abe895224f,c965e59d9fae45ccde91d9f92711a40b5d7645d4408c2c94f3cffd7d3207a6005a7b65f0edc1ee36da1d0df017a6baab75a5e3501cd7e25c9f5653d178ce1256
Sergio,dc1d67d1a5e9d52940945516548c8ec3,fbaf0de3a86f5a2376a5a733bdf621356316bec7,9bcbdfa04fb53ac0e8baa9938cbfaa27e716db65a0d8bbd68cab18a26050117d,d70227332dd986cdcd74fccde6e2086060fc25ea0654a46b1262a2fceb62d6975669051620e61c6126fc1f9370ea12a0f0c5c1a4986457cdf162ab791815e462
Patricia,54a7b18f26374fc200ddedde0844f8ec,821ea831428662af3af450ce99857fe78edea5a1,4d8ca8e59c813f36e0321f8b35d0b522a1b9840db6827abed9c90734a6cd31e5,e511593a2db805e51ed0bb74c96d0db6521e2a907f7731b33f1644a264604368f170e26dff012a88429a28211bbee78322a3bd60039ca3b4fd3d3efff33d79d6
Diego,4fb845c67d91bcb3178498fc6fe1fedc,1b47e87d02781e58a171f3221a7e4c032e67f2d0,f536fb10ec50ead5cb957530f32cc06a9e2d517b9a31bfe45a3c8e3117c8012c,552ada90c444d403a2b253b71f87e544f2a6b4b56ccdb776ba11256c11de35cf1dac489ac0a3464ecef2782ebc491a67c905759ff2bb0f014702d8c8c5c1da5c
Eva,67a2a324cb08c0b2f02d096eceee933b,10af29d042641fdbcc375f36e3d9a1946468f9e8,d6603d1f826c8481c3d52511cd67ddd6ff9bba7afeadc15ac5132de34291eb5f,0f98ca5a65e42d62d4dd345006f3a297237d2aa63eff494f24c049391077308802f847e664c7b7b822d8e2ae18f3b5afdba41fdc7fd2382efeda9bbd536b2aed
Álvaro,05ca95c94b1719a6e2083119671693d7,55ca3de289880b13c4fd08d717dcaa36983ab55c,119ebac257ef5496710b7bc12175c8ee032dd6a2e78c6f04b312e6539f6a1247,59219828eb3c401059437946c9fd4c9b039ea298070a303641830da67a40b02cdef36ed29c107fc9540b1a9965958580f8f4129b875534bc35b178912ff3df06
Nuria,374d2e8a72e7411f712d27e488c9b0ba,d3ce1579544a5ccb36813269c9cb98843a48ffbc,1d57088edd7c31fdbac8f5ebf7217a41d034ffe50a1eb8d69f226a37dcfc4604,4af837bc3bbeeb8168a2c0d9b87697c50eab12c0371e00b37a48849bdfec6c61a28f07e1d9ff3a5afe0a05a7a8921a9a2341a93e99865c470fc329759fe1bbc7
Ricardo,c899a91880ee511c03f5810cf9eaa022,20a470bbf165e06e4f5200ab7cc364c036be29a1,6568e1158933296b86cdc3472474c883d9bac7b5b14092313cdc2aabdd8d4e79,df5f8a4d73b0fd87ead412f5c1df3699180a2791d3cfbadc6f883bc1aafd01a6dc88da1e563303008d599deb4218e143a487d6d217848046be6a8b3e36a112d9
Lorena,0d2dcd6fcb7eeeaec7a317efbd01da0e,a7f51efdd2f3815b63ed8cf574fe88f762a22e90,a86c261f64d780d7b75bf50e497110843f97f2e379eee18a13b9e26b4ec23872,bdd27c3482613f3289375b2bf6ab2d5bba0846b5344adab52feb039a9416df66bbe755e90042ab75aa8e217e1018415001d3a845554534caef4b78596d2680b0
Javier,ab02fceb9689114b1cd1844e456c0695,7f3d0970ec0e336aa08a9e14d4d88e79131e0065,0e1e847b6d1dfa0382c082a9850febd05bebad869f61e8c39e12992f9b87c0ff,d4ea931bc2ad77ecd664de512a5c9739545e092b000cbc3c8e1dd2f27ff255e468aaf7150f1cc047a3c36c42050e3dd2a9afdca644a06b7aa9dafbd56c0a617e
Mónica,e92e0961db3010c622910b7fdd6264a8,ab7290b5ef149512004c299f7f8fb2f13034534e,fa1e355fecf63cfa14eccdbf4775f3a63225d1756ed1b8ab32664b91c5156ffd,896a08b428bd0e3cfec216f08b7634945a6817e5e7d71f98abdaee92f83f0e254fc89c16c9983a17ec22011187ff92ed187aa290d2c474b5f695ffefd7c1cc51
Gabriel,b70e2a0d855b4dc7b1ea34a8a9d10305,aaac72d4824650c176db2fc2451be237f164ea98,0c030df5a4e7477d218012c0121ebce6d61bb8dc46e0a6c4f8e1cc8091b946a5,7d3f59986c56cf117b273aa04bf82d6cd1eab4325f2799377a02ba441c7ee56162f77f9a023171f3c72ac346dc3293ddc89d5f8e0a70c4a1a14fe0ce13220f41
Cristina,7fff1e89740665f84662c9e492ec691c,4162bba1744ddb630f8f68bf850ab93f847adfa2,5a7b16a69291855ebda012eacea23a0346926b9e8f40e98ca278996952c644d2,3239380efc7a9bc771b2d595cf1df730c845e889c1b73660a8c242464113a49e52c74efccb00b92058e38ba4e8146029d7bf3c28b12d701bf39b0d235043008d
Ramón,01e5f1f0e5b96c82a0e7c46bb9dc2e13,499ac5261d915580b036b9e9c5a9162d98017761,b14b8ad1e6c485317ce89403b86531f84371769ddd16540b3544a6f4ca24f77c,0b0de3a2a7f143f0b4d7d87bcf01c6ba4958bafd53a9726975943c7f3d58d41fe975b00a4d1d9dc594803dc06b98ddf864102fec70da72bc03a42c5d5d6d479f
Olga,9e65caeb5b8ef0b2d33e500b0be43bb2,dd2ed1b827f8de585d4271f7aef0d4e1470ac967,9c2d29850e7fd884c19b3ef48a01b82c0a88854082ad150056ac770dcbeee05c,d717ddf482cbc8812d6bc23ecd0935ecdeb8e8d0848e24e4ebdf206ce99478cfe21193cc886f243ac34f87999e62ced48175d6df0c5c9fb6820ee68bbad0074e
Fernando,0bc24d6453cd7013f80f2a3a700ac703,c6427f2360dfa3e63933b56e01c2c8ccc8cfc6f0,75b51718f6c2e874a5747ac4b9f2d456fa87bb25ee76d8aabe60089aa228aff5,1c29322ea8ed0fe2cae2b8bde997943d2a3db8fd6a2233b3a8b32c2351369ab1bc95896c8f0703d1eb9655c4d45ef6018213e74640f35005d5f90c5e737b505d
Beatriz,d21cd3ea391a0aefdfad09cf626a8e3e,259e3f0f56c081a7346b65a1de17acc3c2d48e7a,ac8a9e876b6ccb76257cdeb4f6e81456056cfc34e11555e091112784a7449190,04c1712379fa70441b5880641798bde72971544326f1cd71cbec6df608953e72a1a80a30f416b8a2fca850c7d5f48a153cb560bc6d50b13ece5d129b95fca338
Eduardo,364a440226e1b575411a0e324e712d17,7b735636dd532e7dbf979d9b2023735da8168ade,39981b0880b1956bfccbba9260bb848ccd28ed2651e11553c53489847a252ba4,f331f67722eac0b77ae61682010ef6644cb271f483cd611c32446a8a44b29fc25eebf51d813c4ab322deb60631edc35c624c3a0d6b0068a5d015e28bbc8ff38d
Sandra,d41219060e0c16c228ed4682cade6379,d2a648402107f78480e563747acb42bdccb76bc4,1f02e917fd21530620990a81a8ddce4a8cb1f0e57770e393877e4a68a2984ff8,1f31329b35a04bb1d0d3f33fd5869725739208fc5119a090739e88c1676a2de8d10ed5469f04701a3a0a2df332c7349e4903bab66f53244403a7ecd1b7f1ca72
Mario,1cc477616bb182e87ec7285bfbf8c34b,8e7d820ad9d3323edb541a72da4912148cb9c0c2,61c8e16ad90d4e6da317180fa445e262e9313bbf21fd4d30b3b9b4425886b2f5,db791c2671a6b3ff88259e6012ff78975cee69aaf3bf669f6fad35edb32a09489d35d880496eac67270203e15bd9a746ee720c8cba6f14c3631839e5d2e46e78
Inés,ec324a7f4dc21019e5a1f1041a96edfd,45fe09ed88cd418c3dda557f89d2abf80572b7f2,41583a22c9645c1a70c852a58e58a165407eb6efe63dbc919c39ce98de6ba58f,e1a040634d54ec9f7d16d48aa443f7eca8ccb433177bb7f253b3a961fb067f539433c27c52123093924f64063ca833afc814a96dfd16fa8fa876e71ad3ee5092
Enrique,ba7c67da85547e39bfd38837f54bab31,9cdcdaec09c4ecdeb7df30db270618e77ec4eee5,e7d280175ba2e1c2ae60b18c6d83035d6ca1c6a76255dbd3c19994f9405be87d,bdbbda08851c847740fa9e4b83cbd03c896d067598755931821f77e3681c065c578acb6392fecbf710278e074cc25aaaf9acd5afb25c921e64ac25b65983ba43
Carolina,74c854713704589e2902963ede35a6db,a223f4f3142eff0523318b1f691ce34cfee66841,e1f40f581396537fc69e712a089caa1f0dfc8eadc4362cf8c1b2bdb466fa9016,903937374bb2012dd560db4c471579830919c50a324e35941f5152780346136baa0f39bb998c3a25878f1c909ed2eac6fa1fce4973e7b764bb2bb2f5571326da
Rafael,2f5ebb0642cfa2a25af21fac655b30eb,3e05c90f8530b1ba72519824415d05e08cf5718b,b40c2888160f64781fa0a19e0f5dfd76b2fe3dded81f6206ad71460b2cf560c7,5c416efb042593e74ff09b1fb7f6542cbffb522ae6956be2250d600367410bc8c36196bb3dae43883335f1ca042568fcc37c809e911806f7f4492661dcfd8800
Natalia,f6aa7331fe78ee7eac93cbbd1f5cdf75,9387109cf4569405590d4fa955cd35dc595e6e70,10d1e10ca1161172ef145c03cd8f300072439dbb8373563ec794805cfbd47f99,9d57d224e732f30b204ea9fd4527f9bfb98a8ca612288895ece4268c505f387b1e524d963886c6d603e9002ac27ed7c51c1a71cc5eeb6571d14e600ae8151c38
